{
  "total_onibus": 3092,
  "total_linhas": 906,
  "total_paradas": 8340,
  "total_operadoras": 16,
  "km_anual": 241028034.49999997,
  "passageiros_ano": 378423700.4488568,
  "emissoes_evitadas_ton": 273191.08981523284,
  "taxa_ocupacao_atual": 41.913699122886364,
  "taxa_ocupacao_projetada": 54.04177156790577,
  "taxa_maxima_segura": 78.0,
  "novos_passes_ano": 109500000,
  "capacidade_total_ano": 902864000,
  "tarifa_media_atual": 4.392163355408389,
  "tarifa_mediana": 3.8,
  "tarifa_min": 2.7,
  "tarifa_max": 5.5,
  "distribuicao_tarifas": {
    "2.7": {
      "pct": 0.20198675496688742,
      "linhas": 183,
      "descricao": "Linhas curtas/alimentadoras"
    },
    "3.8": {
      "pct": 0.3189845474613687,
      "linhas": 289,
      "descricao": "Linhas normais"
    },
    "5.5": {
      "pct": 0.47902869757174393,
      "linhas": 434,
      "descricao": "Executivo/BRT/Premium"
    }
  }
}